pod_name,test_name,init_time
aes-app-5f849b64f9-5l6xl,aes-v2,1.066223
aes-app-5f849b64f9-44wpw,aes-v2,0.877347
aes-app-5f849b64f9-hdrpw,aes-v2,0.75309
aes-app-5f849b64f9-ss8dw,aes-v2,0.753042
aes-app-5f849b64f9-zzn9d,aes-v2,0.876772
aes-app-5f849b64f9-vqhdb,aes-v2,0.793859
aes-app-5f849b64f9-6kx4m,aes-v2,0.825752
aes-app-5f849b64f9-ws94d,aes-v2,0.772022
aes-app-5f849b64f9-zgnt4,aes-v2,0.808762
aes-app-5f849b64f9-xkcs8,aes-v2,0.750123
aes-app-5f849b64f9-clkqq,aes-v2,0.780155
aes-app-5f849b64f9-6974v,aes-v2,0.745729
aes-app-5f849b64f9-jgshg,aes-v2,0.72652
aes-app-5f849b64f9-vn447,aes-v2,1.070896
aes-app-5f849b64f9-m9tct,aes-v2,0.806044
aes-app-5f849b64f9-mrb5r,aes-v2,0.845384
aes-app-5f849b64f9-tcjzb,aes-v2,0.82069
aes-app-5f849b64f9-sw6qf,aes-v2,0.844546
aes-app-5f849b64f9-tj8hk,aes-v2,0.845005
aes-app-5f849b64f9-gkk2q,aes-v2,0.862975
aes-app-5f849b64f9-5gmgt,aes-v2,0.782633
aes-app-5f849b64f9-pk8wg,aes-v2,0.748455
aes-app-5f849b64f9-lrd2n,aes-v2,0.870716
aes-app-5f849b64f9-d27c2,aes-v2,0.764447
aes-app-5f849b64f9-kqzsq,aes-v2,0.728846
aes-app-5f849b64f9-6q95r,aes-v2,0.724008
aes-app-5f849b64f9-mlqjl,aes-v2,0.898156
aes-app-5f849b64f9-622qs,aes-v2,0.812538
aes-app-5f849b64f9-8pckd,aes-v2,0.891716
aes-app-5f849b64f9-dps48,aes-v2,0.905958
aes-app-5f849b64f9-bmq57,aes-v2,0.851756
aes-app-5f849b64f9-ql9lt,aes-v2,0.903171
aes-app-5f849b64f9-cwl5m,aes-v2,0.825387
aes-app-5f849b64f9-cl9cc,aes-v2,0.834218
aes-app-5f849b64f9-cbdhd,aes-v2,0.765829
aes-app-5f849b64f9-vjjcv,aes-v2,0.841825
aes-app-5f849b64f9-hcnf9,aes-v2,0.843886
aes-app-5f849b64f9-cxnbt,aes-v2,0.78113
aes-app-5f849b64f9-pr82r,aes-v2,0.886291
aes-app-5f849b64f9-zwkkz,aes-v2,0.888648
aes-app-5f849b64f9-n67kx,aes-v2,0.910521
aes-app-5f849b64f9-9kgbb,aes-v2,0.753775
aes-app-5f849b64f9-9dxkx,aes-v2,0.734815
aes-app-5f849b64f9-m5p5h,aes-v2,0.789348
aes-app-5f849b64f9-pvdwn,aes-v2,0.72966
aes-app-5f849b64f9-vxgwz,aes-v2,0.822862
aes-app-5f849b64f9-pfjdx,aes-v2,0.838381
aes-app-5f849b64f9-j4svl,aes-v2,0.831634
aes-app-5f849b64f9-c55wl,aes-v2,0.866438
aes-app-5f849b64f9-8n9w7,aes-v2,0.779909
aes-app-5f849b64f9-kj2rs,aes-v2,0.794858
aes-app-5f849b64f9-ncwvr,aes-v2,0.752447
aes-app-5f849b64f9-42wgr,aes-v2,0.765603
aes-app-5f849b64f9-bmcz4,aes-v2,0.744792
aes-app-5f849b64f9-lb64b,aes-v2,0.774262
aes-app-5f849b64f9-77x5c,aes-v2,0.765087
aes-app-5f849b64f9-n6924,aes-v2,0.870272
aes-app-5f849b64f9-rwjrs,aes-v2,0.8637
aes-app-5f849b64f9-v9qfz,aes-v2,0.739548
aes-app-5f849b64f9-mxfzc,aes-v2,0.734706
aes-app-5f849b64f9-lnghr,aes-v2,0.806841
aes-app-5f849b64f9-gl6wg,aes-v2,0.729277
aes-app-5f849b64f9-sxqzf,aes-v2,0.853961
aes-app-5f849b64f9-v7xdj,aes-v2,0.764183
aes-app-5f849b64f9-bzmw8,aes-v2,0.836826
aes-app-5f849b64f9-w89t8,aes-v2,0.897222
aes-app-5f849b64f9-rtdkx,aes-v2,0.839835
aes-app-5f849b64f9-dr9rg,aes-v2,0.757236
aes-app-5f849b64f9-p6fxs,aes-v2,0.761707
aes-app-5f849b64f9-cz4ng,aes-v2,0.799384
aes-app-5f849b64f9-fxds6,aes-v2,0.74745
aes-app-5f849b64f9-ddj7b,aes-v2,0.892706
aes-app-5f849b64f9-6jctf,aes-v2,0.750459
aes-app-5f849b64f9-5p5nz,aes-v2,0.773215
aes-app-5f849b64f9-nwsvh,aes-v2,0.885412
aes-app-5f849b64f9-cn2gp,aes-v2,0.919117
aes-app-5f849b64f9-f28wn,aes-v2,1.029143
aes-app-5f849b64f9-n4x8q,aes-v2,0.745272
aes-app-5f849b64f9-8wpqp,aes-v2,0.895825
aes-app-5f849b64f9-mwv6s,aes-v2,0.864487
aes-app-5f849b64f9-szx5w,aes-v2,0.845912
aes-app-5f849b64f9-x29mp,aes-v2,0.843975
aes-app-5f849b64f9-p597r,aes-v2,0.902354
aes-app-5f849b64f9-p7mz5,aes-v2,0.838134
aes-app-5f849b64f9-fjtqf,aes-v2,0.834239
aes-app-5f849b64f9-f6bq9,aes-v2,0.858248
aes-app-5f849b64f9-rwqw6,aes-v2,0.721672
aes-app-5f849b64f9-xjtsc,aes-v2,0.755755
aes-app-5f849b64f9-wv6rt,aes-v2,0.754107
aes-app-5f849b64f9-c8ps8,aes-v2,0.830777
aes-app-5f849b64f9-6dzn5,aes-v2,0.84354
aes-app-5f849b64f9-g6x62,aes-v2,0.865945
aes-app-5f849b64f9-fp8sl,aes-v2,0.832662
aes-app-5f849b64f9-hbkvt,aes-v2,0.90361
aes-app-5f849b64f9-l66qp,aes-v2,0.821951
aes-app-5f849b64f9-7llsn,aes-v2,0.774579
aes-app-5f849b64f9-6w4v7,aes-v2,0.831053
aes-app-5f849b64f9-f54s9,aes-v2,0.889519
aes-app-5f849b64f9-8wzx6,aes-v2,0.776982
aes-app-5f849b64f9-fjtwn,aes-v2,0.845593
float-operation-app-64f858465c-k6jmb,float-operation-v2,0.838598
float-operation-app-64f858465c-nhdh7,float-operation-v2,0.821383
float-operation-app-64f858465c-xdhzs,float-operation-v2,0.796346
float-operation-app-64f858465c-6g47q,float-operation-v2,0.75203
float-operation-app-64f858465c-jg9jq,float-operation-v2,0.746638
float-operation-app-64f858465c-dl2vp,float-operation-v2,0.867676
float-operation-app-64f858465c-6r6tt,float-operation-v2,0.81851
float-operation-app-64f858465c-zgt8h,float-operation-v2,0.815917
float-operation-app-64f858465c-jhtsk,float-operation-v2,0.869688
float-operation-app-64f858465c-6zztz,float-operation-v2,0.758448
float-operation-app-64f858465c-6b7vv,float-operation-v2,0.744903
float-operation-app-64f858465c-s9qqj,float-operation-v2,0.802673
float-operation-app-64f858465c-cslx6,float-operation-v2,0.744684
float-operation-app-64f858465c-9hz9p,float-operation-v2,0.916218
float-operation-app-64f858465c-wbnfd,float-operation-v2,0.871152
float-operation-app-64f858465c-jbxxf,float-operation-v2,0.788868
float-operation-app-64f858465c-skzhg,float-operation-v2,0.707243
float-operation-app-64f858465c-kmvz5,float-operation-v2,0.723231
float-operation-app-64f858465c-5rvw4,float-operation-v2,0.764817
float-operation-app-64f858465c-h5zfs,float-operation-v2,0.870102
float-operation-app-64f858465c-kg8h9,float-operation-v2,0.866024
float-operation-app-64f858465c-gfl5w,float-operation-v2,0.852993
float-operation-app-64f858465c-8xwqh,float-operation-v2,0.777719
float-operation-app-64f858465c-57wj4,float-operation-v2,0.864029
float-operation-app-64f858465c-xm855,float-operation-v2,0.913898
float-operation-app-64f858465c-584sb,float-operation-v2,0.819029
float-operation-app-64f858465c-s94pp,float-operation-v2,0.74025
float-operation-app-64f858465c-hcc2d,float-operation-v2,0.733826
float-operation-app-64f858465c-dwkhb,float-operation-v2,0.830678
float-operation-app-64f858465c-zplvn,float-operation-v2,0.808575
float-operation-app-64f858465c-h47th,float-operation-v2,0.76795
float-operation-app-64f858465c-th4tw,float-operation-v2,0.897071
float-operation-app-64f858465c-2wkv6,float-operation-v2,0.736604
float-operation-app-64f858465c-4jmdz,float-operation-v2,0.848561
float-operation-app-64f858465c-sxtgt,float-operation-v2,0.850254
float-operation-app-64f858465c-mc58q,float-operation-v2,0.781259
float-operation-app-64f858465c-2h4zf,float-operation-v2,0.791427
float-operation-app-64f858465c-rwjpl,float-operation-v2,0.824536
float-operation-app-64f858465c-nlkng,float-operation-v2,0.838142
float-operation-app-64f858465c-875cp,float-operation-v2,0.837899
float-operation-app-64f858465c-gdvhl,float-operation-v2,0.80819
float-operation-app-64f858465c-692hv,float-operation-v2,0.800248
float-operation-app-64f858465c-74vf8,float-operation-v2,0.883641
float-operation-app-64f858465c-tg84d,float-operation-v2,0.741972
float-operation-app-64f858465c-w56t7,float-operation-v2,0.821892
float-operation-app-64f858465c-s8r94,float-operation-v2,0.832109
float-operation-app-64f858465c-b6rx5,float-operation-v2,0.847143
float-operation-app-64f858465c-slqzs,float-operation-v2,0.849681
float-operation-app-64f858465c-g2qtm,float-operation-v2,0.855536
float-operation-app-64f858465c-trkg8,float-operation-v2,0.896259
float-operation-app-64f858465c-5qq88,float-operation-v2,0.767514
float-operation-app-64f858465c-vcks9,float-operation-v2,0.846573
float-operation-app-64f858465c-s2tlc,float-operation-v2,0.750029
float-operation-app-64f858465c-bd7fw,float-operation-v2,0.827162
float-operation-app-64f858465c-b4gtn,float-operation-v2,0.761731
float-operation-app-64f858465c-lm5q5,float-operation-v2,0.826115
float-operation-app-64f858465c-f9m7b,float-operation-v2,0.82781
float-operation-app-64f858465c-7wpqg,float-operation-v2,0.884385
float-operation-app-64f858465c-vgmf8,float-operation-v2,0.89166
float-operation-app-64f858465c-wm55t,float-operation-v2,0.804256
float-operation-app-64f858465c-xd7p2,float-operation-v2,0.756322
float-operation-app-64f858465c-cpxbd,float-operation-v2,0.818922
float-operation-app-64f858465c-lcmdd,float-operation-v2,0.803027
float-operation-app-64f858465c-kzgmb,float-operation-v2,0.761325
float-operation-app-64f858465c-qqj8v,float-operation-v2,1.11953
float-operation-app-64f858465c-g98pp,float-operation-v2,1.308427
float-operation-app-64f858465c-9mcwr,float-operation-v2,0.801176
float-operation-app-64f858465c-9p7tk,float-operation-v2,0.814191
float-operation-app-64f858465c-lng2q,float-operation-v2,0.832236
float-operation-app-64f858465c-shw25,float-operation-v2,0.827296
float-operation-app-64f858465c-lnjm8,float-operation-v2,0.84076
float-operation-app-64f858465c-jbdtf,float-operation-v2,0.754416
float-operation-app-64f858465c-tpjld,float-operation-v2,0.794583
float-operation-app-64f858465c-tnpn7,float-operation-v2,0.832066
float-operation-app-64f858465c-ddhwz,float-operation-v2,0.815866
float-operation-app-64f858465c-7lz45,float-operation-v2,0.860935
float-operation-app-64f858465c-5k4kl,float-operation-v2,0.85092
float-operation-app-64f858465c-9mmkr,float-operation-v2,0.855054
float-operation-app-64f858465c-bntxj,float-operation-v2,0.964608
float-operation-app-64f858465c-7hw28,float-operation-v2,0.702848
float-operation-app-64f858465c-2w8hk,float-operation-v2,0.813833
float-operation-app-64f858465c-zx64d,float-operation-v2,0.828839
float-operation-app-64f858465c-8xb25,float-operation-v2,0.817735
float-operation-app-64f858465c-qd48x,float-operation-v2,0.765721
float-operation-app-64f858465c-7hr7c,float-operation-v2,0.772111
float-operation-app-64f858465c-h4bqc,float-operation-v2,0.730672
float-operation-app-64f858465c-x88m7,float-operation-v2,0.710994
float-operation-app-64f858465c-dc9v9,float-operation-v2,0.738393
float-operation-app-64f858465c-vj5vc,float-operation-v2,0.816102
float-operation-app-64f858465c-qw286,float-operation-v2,0.783211
float-operation-app-64f858465c-lpphn,float-operation-v2,0.817039
float-operation-app-64f858465c-hszxf,float-operation-v2,0.852978
float-operation-app-64f858465c-w4rqk,float-operation-v2,0.805287
float-operation-app-64f858465c-x2qxr,float-operation-v2,0.791453
float-operation-app-64f858465c-nd9vf,float-operation-v2,0.9111
float-operation-app-64f858465c-nn8sr,float-operation-v2,0.880782
float-operation-app-64f858465c-jfgxn,float-operation-v2,0.80408
float-operation-app-64f858465c-7fwmg,float-operation-v2,0.840475
float-operation-app-64f858465c-25cxs,float-operation-v2,0.797283
float-operation-app-64f858465c-9k87f,float-operation-v2,0.892679
fuzzysearch-http-app-66fcb66665-7rwsf,fuzzysearch-v2,0.860372
fuzzysearch-http-app-66fcb66665-7b9dv,fuzzysearch-v2,0.846369
fuzzysearch-http-app-66fcb66665-kjb6n,fuzzysearch-v2,0.818088
fuzzysearch-http-app-66fcb66665-576j9,fuzzysearch-v2,0.848352
fuzzysearch-http-app-66fcb66665-p9x6h,fuzzysearch-v2,0.771004
fuzzysearch-http-app-66fcb66665-w278b,fuzzysearch-v2,0.817939
fuzzysearch-http-app-66fcb66665-mddmz,fuzzysearch-v2,0.826253
fuzzysearch-http-app-66fcb66665-vlxdc,fuzzysearch-v2,0.826066
fuzzysearch-http-app-66fcb66665-dtlpx,fuzzysearch-v2,0.762793
fuzzysearch-http-app-66fcb66665-hwp4j,fuzzysearch-v2,0.835739
fuzzysearch-http-app-66fcb66665-pkww2,fuzzysearch-v2,0.85324
fuzzysearch-http-app-66fcb66665-nqdks,fuzzysearch-v2,0.802036
fuzzysearch-http-app-66fcb66665-5gtpm,fuzzysearch-v2,0.840221
fuzzysearch-http-app-66fcb66665-gkngx,fuzzysearch-v2,1.165818
fuzzysearch-http-app-66fcb66665-psbzg,fuzzysearch-v2,0.753297
fuzzysearch-http-app-66fcb66665-pswzw,fuzzysearch-v2,0.795129
fuzzysearch-http-app-66fcb66665-fh5kb,fuzzysearch-v2,0.750062
fuzzysearch-http-app-66fcb66665-nmfj9,fuzzysearch-v2,0.856341
fuzzysearch-http-app-66fcb66665-qf2th,fuzzysearch-v2,0.813567
fuzzysearch-http-app-66fcb66665-8mkfc,fuzzysearch-v2,0.787235
fuzzysearch-http-app-66fcb66665-rl52k,fuzzysearch-v2,1.28824
fuzzysearch-http-app-66fcb66665-d4dk4,fuzzysearch-v2,0.808943
fuzzysearch-http-app-66fcb66665-hxb4k,fuzzysearch-v2,0.821087
fuzzysearch-http-app-66fcb66665-t8wxl,fuzzysearch-v2,0.796133
fuzzysearch-http-app-66fcb66665-jp2ck,fuzzysearch-v2,0.800226
fuzzysearch-http-app-66fcb66665-5kgjk,fuzzysearch-v2,0.79726
fuzzysearch-http-app-66fcb66665-gzplc,fuzzysearch-v2,0.798985
fuzzysearch-http-app-66fcb66665-49566,fuzzysearch-v2,0.838213
fuzzysearch-http-app-66fcb66665-fvdb7,fuzzysearch-v2,0.745215
fuzzysearch-http-app-66fcb66665-4q8n4,fuzzysearch-v2,0.8048
fuzzysearch-http-app-66fcb66665-hwf6j,fuzzysearch-v2,0.910644
fuzzysearch-http-app-66fcb66665-rn9vh,fuzzysearch-v2,0.845361
fuzzysearch-http-app-66fcb66665-pf87c,fuzzysearch-v2,0.832557
fuzzysearch-http-app-66fcb66665-6ztrg,fuzzysearch-v2,0.764542
fuzzysearch-http-app-66fcb66665-8qvnj,fuzzysearch-v2,0.816362
fuzzysearch-http-app-66fcb66665-g4gf6,fuzzysearch-v2,0.819793
fuzzysearch-http-app-66fcb66665-mnqxm,fuzzysearch-v2,0.872905
fuzzysearch-http-app-66fcb66665-j8h66,fuzzysearch-v2,0.76373
fuzzysearch-http-app-66fcb66665-skvgk,fuzzysearch-v2,0.777607
fuzzysearch-http-app-66fcb66665-7qrhx,fuzzysearch-v2,0.852577
fuzzysearch-http-app-66fcb66665-mf9xm,fuzzysearch-v2,0.886199
fuzzysearch-http-app-66fcb66665-mk46v,fuzzysearch-v2,0.873154
fuzzysearch-http-app-66fcb66665-v6qsh,fuzzysearch-v2,1.030133
fuzzysearch-http-app-66fcb66665-lgml5,fuzzysearch-v2,0.791285
fuzzysearch-http-app-66fcb66665-pt5tz,fuzzysearch-v2,0.751687
fuzzysearch-http-app-66fcb66665-b77wb,fuzzysearch-v2,0.738261
fuzzysearch-http-app-66fcb66665-h7875,fuzzysearch-v2,0.785295
fuzzysearch-http-app-66fcb66665-ncbl2,fuzzysearch-v2,0.850883
fuzzysearch-http-app-66fcb66665-fk75d,fuzzysearch-v2,0.859136
fuzzysearch-http-app-66fcb66665-cjrdt,fuzzysearch-v2,0.763377
fuzzysearch-http-app-66fcb66665-rscww,fuzzysearch-v2,0.817187
fuzzysearch-http-app-66fcb66665-2gfs7,fuzzysearch-v2,0.850032
fuzzysearch-http-app-66fcb66665-lpzss,fuzzysearch-v2,1.09523
fuzzysearch-http-app-66fcb66665-lf2cv,fuzzysearch-v2,0.80304
fuzzysearch-http-app-66fcb66665-4bcl5,fuzzysearch-v2,0.78074
fuzzysearch-http-app-66fcb66665-kwt2b,fuzzysearch-v2,0.809688
fuzzysearch-http-app-66fcb66665-p7fvd,fuzzysearch-v2,0.825545
fuzzysearch-http-app-66fcb66665-mmt2m,fuzzysearch-v2,0.750821
fuzzysearch-http-app-66fcb66665-rp6ps,fuzzysearch-v2,0.866442
fuzzysearch-http-app-66fcb66665-7zsn7,fuzzysearch-v2,0.753525
fuzzysearch-http-app-66fcb66665-jj29d,fuzzysearch-v2,0.73969
fuzzysearch-http-app-66fcb66665-7xfmd,fuzzysearch-v2,0.735983
fuzzysearch-http-app-66fcb66665-mqprw,fuzzysearch-v2,0.788238
fuzzysearch-http-app-66fcb66665-fzzjm,fuzzysearch-v2,0.741695
fuzzysearch-http-app-66fcb66665-t9j4r,fuzzysearch-v2,0.857465
fuzzysearch-http-app-66fcb66665-slj4z,fuzzysearch-v2,0.881536
fuzzysearch-http-app-66fcb66665-prnph,fuzzysearch-v2,0.799666
fuzzysearch-http-app-66fcb66665-68gm4,fuzzysearch-v2,0.804995
fuzzysearch-http-app-66fcb66665-xclp7,fuzzysearch-v2,0.837827
fuzzysearch-http-app-66fcb66665-lnrht,fuzzysearch-v2,0.873298
fuzzysearch-http-app-66fcb66665-98qrl,fuzzysearch-v2,0.765066
fuzzysearch-http-app-66fcb66665-r8lwx,fuzzysearch-v2,0.678501
fuzzysearch-http-app-66fcb66665-m67xd,fuzzysearch-v2,0.750238
fuzzysearch-http-app-66fcb66665-c2n9r,fuzzysearch-v2,0.79698
fuzzysearch-http-app-66fcb66665-pgk9m,fuzzysearch-v2,0.830943
fuzzysearch-http-app-66fcb66665-qq8h5,fuzzysearch-v2,0.751406
fuzzysearch-http-app-66fcb66665-6bgxz,fuzzysearch-v2,0.759756
fuzzysearch-http-app-66fcb66665-6d4wm,fuzzysearch-v2,0.747154
fuzzysearch-http-app-66fcb66665-8ljzk,fuzzysearch-v2,0.726128
fuzzysearch-http-app-66fcb66665-tj4pr,fuzzysearch-v2,0.808537
fuzzysearch-http-app-66fcb66665-mlptm,fuzzysearch-v2,0.821735
fuzzysearch-http-app-66fcb66665-jhjxj,fuzzysearch-v2,0.787377
fuzzysearch-http-app-66fcb66665-lph5m,fuzzysearch-v2,0.777169
fuzzysearch-http-app-66fcb66665-qmhxq,fuzzysearch-v2,0.877258
fuzzysearch-http-app-66fcb66665-q8cfs,fuzzysearch-v2,0.775378
fuzzysearch-http-app-66fcb66665-twzn2,fuzzysearch-v2,0.732736
fuzzysearch-http-app-66fcb66665-q2tf9,fuzzysearch-v2,0.823971
fuzzysearch-http-app-66fcb66665-rx58h,fuzzysearch-v2,0.845595
fuzzysearch-http-app-66fcb66665-4pkj9,fuzzysearch-v2,0.785072
fuzzysearch-http-app-66fcb66665-pvzvr,fuzzysearch-v2,0.886564
fuzzysearch-http-app-66fcb66665-6lnvk,fuzzysearch-v2,0.836785
fuzzysearch-http-app-66fcb66665-4dfct,fuzzysearch-v2,0.79962
fuzzysearch-http-app-66fcb66665-kkd67,fuzzysearch-v2,0.835062
fuzzysearch-http-app-66fcb66665-7r2nm,fuzzysearch-v2,0.781991
fuzzysearch-http-app-66fcb66665-ff7d7,fuzzysearch-v2,0.781658
fuzzysearch-http-app-66fcb66665-wz9mx,fuzzysearch-v2,0.821409
fuzzysearch-http-app-66fcb66665-dv25g,fuzzysearch-v2,0.896072
fuzzysearch-http-app-66fcb66665-c6nkx,fuzzysearch-v2,0.864516
fuzzysearch-http-app-66fcb66665-btkkq,fuzzysearch-v2,0.801668
fuzzysearch-http-app-66fcb66665-58ln2,fuzzysearch-v2,0.799644
linear-equations-app-5b4f6d4d8f-8mgmd,linear-equations-v2,0.737864
linear-equations-app-5b4f6d4d8f-rnngc,linear-equations-v2,0.818461
linear-equations-app-5b4f6d4d8f-wkkw9,linear-equations-v2,0.831473
linear-equations-app-5b4f6d4d8f-jfzvd,linear-equations-v2,0.808529
linear-equations-app-5b4f6d4d8f-bw8ng,linear-equations-v2,0.819739
linear-equations-app-5b4f6d4d8f-zddm4,linear-equations-v2,0.831863
linear-equations-app-5b4f6d4d8f-7pn57,linear-equations-v2,0.853055
linear-equations-app-5b4f6d4d8f-k9q62,linear-equations-v2,0.855614
linear-equations-app-5b4f6d4d8f-m6bbb,linear-equations-v2,0.794449
linear-equations-app-5b4f6d4d8f-zm6w9,linear-equations-v2,1.060028
linear-equations-app-5b4f6d4d8f-jgkcj,linear-equations-v2,0.758557
linear-equations-app-5b4f6d4d8f-ml6fk,linear-equations-v2,0.8211
linear-equations-app-5b4f6d4d8f-pj6hf,linear-equations-v2,0.779411
linear-equations-app-5b4f6d4d8f-t4lnx,linear-equations-v2,0.813157
linear-equations-app-5b4f6d4d8f-mn956,linear-equations-v2,0.881424
linear-equations-app-5b4f6d4d8f-j84fn,linear-equations-v2,0.764816
linear-equations-app-5b4f6d4d8f-p5tpz,linear-equations-v2,0.739319
linear-equations-app-5b4f6d4d8f-vc65b,linear-equations-v2,0.809573
linear-equations-app-5b4f6d4d8f-klrc8,linear-equations-v2,0.776374
linear-equations-app-5b4f6d4d8f-nzn7f,linear-equations-v2,0.850603
linear-equations-app-5b4f6d4d8f-xtmxh,linear-equations-v2,0.861466
linear-equations-app-5b4f6d4d8f-9t9nh,linear-equations-v2,0.877993
linear-equations-app-5b4f6d4d8f-sk5cr,linear-equations-v2,0.856966
linear-equations-app-5b4f6d4d8f-bjkr8,linear-equations-v2,0.848144
linear-equations-app-5b4f6d4d8f-gtr94,linear-equations-v2,0.856706
linear-equations-app-5b4f6d4d8f-pctkd,linear-equations-v2,0.714724
linear-equations-app-5b4f6d4d8f-6drx4,linear-equations-v2,1.96933
linear-equations-app-5b4f6d4d8f-htzcl,linear-equations-v2,0.798116
linear-equations-app-5b4f6d4d8f-htlgq,linear-equations-v2,0.762248
linear-equations-app-5b4f6d4d8f-qmcz2,linear-equations-v2,0.887352
linear-equations-app-5b4f6d4d8f-lcnp7,linear-equations-v2,0.816909
linear-equations-app-5b4f6d4d8f-f246h,linear-equations-v2,0.759763
linear-equations-app-5b4f6d4d8f-cgmqp,linear-equations-v2,0.80975
linear-equations-app-5b4f6d4d8f-dd2ww,linear-equations-v2,0.758263
linear-equations-app-5b4f6d4d8f-22mjb,linear-equations-v2,0.741642
linear-equations-app-5b4f6d4d8f-grbnz,linear-equations-v2,0.813586
linear-equations-app-5b4f6d4d8f-59fn6,linear-equations-v2,0.765747
linear-equations-app-5b4f6d4d8f-xp55f,linear-equations-v2,0.96161
linear-equations-app-5b4f6d4d8f-nqdqw,linear-equations-v2,0.841029
linear-equations-app-5b4f6d4d8f-mfl6m,linear-equations-v2,0.826066
linear-equations-app-5b4f6d4d8f-89kcn,linear-equations-v2,0.83199
linear-equations-app-5b4f6d4d8f-t858l,linear-equations-v2,0.830627
linear-equations-app-5b4f6d4d8f-6jms4,linear-equations-v2,0.817113
linear-equations-app-5b4f6d4d8f-v66ws,linear-equations-v2,0.829331
linear-equations-app-5b4f6d4d8f-8bdsc,linear-equations-v2,0.832587
linear-equations-app-5b4f6d4d8f-xkvts,linear-equations-v2,0.770462
linear-equations-app-5b4f6d4d8f-v46q4,linear-equations-v2,0.848308
linear-equations-app-5b4f6d4d8f-j99fp,linear-equations-v2,0.81962
linear-equations-app-5b4f6d4d8f-mchr8,linear-equations-v2,0.739907
linear-equations-app-5b4f6d4d8f-2x5hx,linear-equations-v2,0.860807
linear-equations-app-5b4f6d4d8f-2hr8d,linear-equations-v2,0.825851
linear-equations-app-5b4f6d4d8f-9lh9g,linear-equations-v2,0.832102
linear-equations-app-5b4f6d4d8f-v5qx8,linear-equations-v2,0.78042
linear-equations-app-5b4f6d4d8f-xc7dw,linear-equations-v2,0.742261
linear-equations-app-5b4f6d4d8f-vqs89,linear-equations-v2,0.764856
linear-equations-app-5b4f6d4d8f-zzn8g,linear-equations-v2,0.826026
linear-equations-app-5b4f6d4d8f-5g5s5,linear-equations-v2,0.796071
linear-equations-app-5b4f6d4d8f-rjflp,linear-equations-v2,0.88273
linear-equations-app-5b4f6d4d8f-q4zh9,linear-equations-v2,0.851201
linear-equations-app-5b4f6d4d8f-bpjfg,linear-equations-v2,0.893536
linear-equations-app-5b4f6d4d8f-6m5wp,linear-equations-v2,0.757742
linear-equations-app-5b4f6d4d8f-h7gmq,linear-equations-v2,0.756452
linear-equations-app-5b4f6d4d8f-h885b,linear-equations-v2,0.775027
linear-equations-app-5b4f6d4d8f-df9jv,linear-equations-v2,0.880909
linear-equations-app-5b4f6d4d8f-67mfv,linear-equations-v2,0.88329
linear-equations-app-5b4f6d4d8f-sbtl8,linear-equations-v2,0.802791
linear-equations-app-5b4f6d4d8f-cpsh8,linear-equations-v2,0.835259
linear-equations-app-5b4f6d4d8f-g6t2v,linear-equations-v2,0.87129
linear-equations-app-5b4f6d4d8f-fnskf,linear-equations-v2,0.751369
linear-equations-app-5b4f6d4d8f-lmwth,linear-equations-v2,0.742502
linear-equations-app-5b4f6d4d8f-vkrd6,linear-equations-v2,0.75004
linear-equations-app-5b4f6d4d8f-bvrnx,linear-equations-v2,0.773135
linear-equations-app-5b4f6d4d8f-v4jdz,linear-equations-v2,0.751052
linear-equations-app-5b4f6d4d8f-xg6fr,linear-equations-v2,0.714321
linear-equations-app-5b4f6d4d8f-f8h7x,linear-equations-v2,0.706635
linear-equations-app-5b4f6d4d8f-bc97l,linear-equations-v2,0.768215
linear-equations-app-5b4f6d4d8f-84qq4,linear-equations-v2,0.884773
linear-equations-app-5b4f6d4d8f-82cf4,linear-equations-v2,0.844231
linear-equations-app-5b4f6d4d8f-d8xmm,linear-equations-v2,0.898832
linear-equations-app-5b4f6d4d8f-dcg27,linear-equations-v2,0.858213
linear-equations-app-5b4f6d4d8f-dhxzn,linear-equations-v2,0.739146
linear-equations-app-5b4f6d4d8f-jncct,linear-equations-v2,0.834067
linear-equations-app-5b4f6d4d8f-gpn5g,linear-equations-v2,0.771253
linear-equations-app-5b4f6d4d8f-7ml2w,linear-equations-v2,0.762045
linear-equations-app-5b4f6d4d8f-wwqf4,linear-equations-v2,0.846059
linear-equations-app-5b4f6d4d8f-9ljw8,linear-equations-v2,0.83592
linear-equations-app-5b4f6d4d8f-9qfgk,linear-equations-v2,0.865217
linear-equations-app-5b4f6d4d8f-j4jld,linear-equations-v2,0.816694
linear-equations-app-5b4f6d4d8f-qfzz4,linear-equations-v2,0.788938
linear-equations-app-5b4f6d4d8f-9lc4d,linear-equations-v2,0.751491
linear-equations-app-5b4f6d4d8f-tkxcr,linear-equations-v2,0.786454
linear-equations-app-5b4f6d4d8f-4fp45,linear-equations-v2,0.761807
linear-equations-app-5b4f6d4d8f-2kf9b,linear-equations-v2,0.803526
linear-equations-app-5b4f6d4d8f-d8zq7,linear-equations-v2,0.815997
linear-equations-app-5b4f6d4d8f-r4x7f,linear-equations-v2,0.847539
linear-equations-app-5b4f6d4d8f-dxdxh,linear-equations-v2,0.819017
linear-equations-app-5b4f6d4d8f-pzwtw,linear-equations-v2,0.859451
linear-equations-app-5b4f6d4d8f-9h9md,linear-equations-v2,1.042423
linear-equations-app-5b4f6d4d8f-s8469,linear-equations-v2,0.719289
linear-equations-app-5b4f6d4d8f-qj9f5,linear-equations-v2,0.844672
matmul-app-6b5f5f8d67-22p9j,matmul-v2,0.843658
matmul-app-6b5f5f8d67-mlwt7,matmul-v2,0.831707
matmul-app-6b5f5f8d67-gmh2q,matmul-v2,0.908701
matmul-app-6b5f5f8d67-7mdnj,matmul-v2,0.724924
matmul-app-6b5f5f8d67-pk4tn,matmul-v2,0.727449
matmul-app-6b5f5f8d67-4rhhm,matmul-v2,0.765992
matmul-app-6b5f5f8d67-twg8b,matmul-v2,0.759431
matmul-app-6b5f5f8d67-dq9bt,matmul-v2,0.780195
matmul-app-6b5f5f8d67-rfwhj,matmul-v2,0.803724
matmul-app-6b5f5f8d67-vg2v9,matmul-v2,0.826642
matmul-app-6b5f5f8d67-zxk7h,matmul-v2,1.429824
matmul-app-6b5f5f8d67-m7lzp,matmul-v2,0.743516
matmul-app-6b5f5f8d67-zh8dz,matmul-v2,0.752481
matmul-app-6b5f5f8d67-h5f94,matmul-v2,0.757957
matmul-app-6b5f5f8d67-27ttt,matmul-v2,0.767003
matmul-app-6b5f5f8d67-82dqw,matmul-v2,0.736089
matmul-app-6b5f5f8d67-hz7mf,matmul-v2,0.897036
matmul-app-6b5f5f8d67-lwqm6,matmul-v2,0.760336
matmul-app-6b5f5f8d67-xxcgw,matmul-v2,0.895718
matmul-app-6b5f5f8d67-hz224,matmul-v2,0.834177
matmul-app-6b5f5f8d67-djfb5,matmul-v2,0.780395
matmul-app-6b5f5f8d67-46p4k,matmul-v2,0.859209
matmul-app-6b5f5f8d67-g859b,matmul-v2,0.866909
matmul-app-6b5f5f8d67-b2cc9,matmul-v2,0.728313
matmul-app-6b5f5f8d67-2pstd,matmul-v2,0.876868
matmul-app-6b5f5f8d67-zmhpl,matmul-v2,0.831962
matmul-app-6b5f5f8d67-wkps4,matmul-v2,0.876966
matmul-app-6b5f5f8d67-mztkp,matmul-v2,0.749329
matmul-app-6b5f5f8d67-jsh8z,matmul-v2,0.776034
matmul-app-6b5f5f8d67-v8jgn,matmul-v2,0.835217
matmul-app-6b5f5f8d67-l2tmr,matmul-v2,0.75589
matmul-app-6b5f5f8d67-dwvzv,matmul-v2,0.74993
matmul-app-6b5f5f8d67-hdn28,matmul-v2,0.81018
matmul-app-6b5f5f8d67-hxbhz,matmul-v2,0.828613
matmul-app-6b5f5f8d67-jqsdb,matmul-v2,0.843934
matmul-app-6b5f5f8d67-jkdct,matmul-v2,0.767926
matmul-app-6b5f5f8d67-hbkrf,matmul-v2,0.81571
matmul-app-6b5f5f8d67-vx7h9,matmul-v2,0.814762
matmul-app-6b5f5f8d67-hcpkc,matmul-v2,0.832845
matmul-app-6b5f5f8d67-nkghw,matmul-v2,0.805511
matmul-app-6b5f5f8d67-z2dr5,matmul-v2,0.852253
matmul-app-6b5f5f8d67-5t8df,matmul-v2,0.878465
matmul-app-6b5f5f8d67-tbxk2,matmul-v2,0.829654
matmul-app-6b5f5f8d67-65g88,matmul-v2,0.882709
matmul-app-6b5f5f8d67-ckfwk,matmul-v2,0.83608
matmul-app-6b5f5f8d67-cwxwr,matmul-v2,0.845218
matmul-app-6b5f5f8d67-qfbgm,matmul-v2,0.87541
matmul-app-6b5f5f8d67-cc98f,matmul-v2,0.873793
matmul-app-6b5f5f8d67-klvnq,matmul-v2,0.85179
matmul-app-6b5f5f8d67-85z9h,matmul-v2,0.835981
matmul-app-6b5f5f8d67-xdkmh,matmul-v2,0.754904
matmul-app-6b5f5f8d67-w6qm8,matmul-v2,0.842457
matmul-app-6b5f5f8d67-s6c85,matmul-v2,0.871699
matmul-app-6b5f5f8d67-k4rxh,matmul-v2,0.785705
matmul-app-6b5f5f8d67-4b79s,matmul-v2,0.738578
matmul-app-6b5f5f8d67-n8lnq,matmul-v2,0.817185
matmul-app-6b5f5f8d67-knpt5,matmul-v2,0.865877
matmul-app-6b5f5f8d67-mzhvk,matmul-v2,0.772302
matmul-app-6b5f5f8d67-hb9m2,matmul-v2,0.939897
matmul-app-6b5f5f8d67-g5fzz,matmul-v2,0.813005
matmul-app-6b5f5f8d67-xxbc6,matmul-v2,0.789397
matmul-app-6b5f5f8d67-j2dkx,matmul-v2,0.834708
matmul-app-6b5f5f8d67-sfht7,matmul-v2,1.263027
matmul-app-6b5f5f8d67-4wdhq,matmul-v2,0.898183
matmul-app-6b5f5f8d67-jx2c4,matmul-v2,0.908345
matmul-app-6b5f5f8d67-ph75h,matmul-v2,0.895172
matmul-app-6b5f5f8d67-st67s,matmul-v2,0.915801
matmul-app-6b5f5f8d67-8gtsq,matmul-v2,0.862308
matmul-app-6b5f5f8d67-6h66l,matmul-v2,0.761927
matmul-app-6b5f5f8d67-4hstb,matmul-v2,0.732904
matmul-app-6b5f5f8d67-j5g9j,matmul-v2,0.752441
matmul-app-6b5f5f8d67-zcccb,matmul-v2,0.842679
matmul-app-6b5f5f8d67-hhnhn,matmul-v2,0.850467
matmul-app-6b5f5f8d67-cbstc,matmul-v2,0.873868
matmul-app-6b5f5f8d67-blg4s,matmul-v2,0.75579
matmul-app-6b5f5f8d67-f4vtb,matmul-v2,0.714982
matmul-app-6b5f5f8d67-z2ggs,matmul-v2,0.890227
matmul-app-6b5f5f8d67-v7hn7,matmul-v2,0.90603
matmul-app-6b5f5f8d67-tdrz9,matmul-v2,0.894361
matmul-app-6b5f5f8d67-dc59s,matmul-v2,0.733485
matmul-app-6b5f5f8d67-7qsrk,matmul-v2,0.732605
matmul-app-6b5f5f8d67-vtjc2,matmul-v2,0.892686
matmul-app-6b5f5f8d67-hm2lj,matmul-v2,0.764983
matmul-app-6b5f5f8d67-8brvf,matmul-v2,0.874475
matmul-app-6b5f5f8d67-n4wvf,matmul-v2,0.733392
matmul-app-6b5f5f8d67-5zjk9,matmul-v2,0.734848
matmul-app-6b5f5f8d67-gh8qj,matmul-v2,0.854088
matmul-app-6b5f5f8d67-lxnt8,matmul-v2,0.903475
matmul-app-6b5f5f8d67-sjvg7,matmul-v2,0.832937
matmul-app-6b5f5f8d67-zh9fc,matmul-v2,0.743678
matmul-app-6b5f5f8d67-rhrl5,matmul-v2,1.16088
matmul-app-6b5f5f8d67-wtwb5,matmul-v2,0.758501
matmul-app-6b5f5f8d67-jstl9,matmul-v2,0.745145
matmul-app-6b5f5f8d67-4gwg5,matmul-v2,0.753694
matmul-app-6b5f5f8d67-jh98x,matmul-v2,0.856683
matmul-app-6b5f5f8d67-cshbl,matmul-v2,0.864204
matmul-app-6b5f5f8d67-sfrsh,matmul-v2,0.816734
matmul-app-6b5f5f8d67-vszl2,matmul-v2,0.729634
matmul-app-6b5f5f8d67-rzhzj,matmul-v2,0.748742
matmul-app-6b5f5f8d67-fdgkt,matmul-v2,0.835775
n-body-app-7bc9d77c8f-2mmb4,n-body-v2,0.800695
n-body-app-7bc9d77c8f-v6rqh,n-body-v2,0.840314
n-body-app-7bc9d77c8f-qgd9h,n-body-v2,0.819913
n-body-app-7bc9d77c8f-b2sm4,n-body-v2,0.781085
n-body-app-7bc9d77c8f-2f779,n-body-v2,0.771405
n-body-app-7bc9d77c8f-7qtdk,n-body-v2,0.764313
n-body-app-7bc9d77c8f-m7d2n,n-body-v2,0.783907
n-body-app-7bc9d77c8f-r6h9v,n-body-v2,0.778151
n-body-app-7bc9d77c8f-mlm6p,n-body-v2,1.085098
n-body-app-7bc9d77c8f-ds7xs,n-body-v2,0.757061
n-body-app-7bc9d77c8f-9gmr7,n-body-v2,0.816501
n-body-app-7bc9d77c8f-9jrls,n-body-v2,0.801907
n-body-app-7bc9d77c8f-z5bp6,n-body-v2,0.876858
n-body-app-7bc9d77c8f-9j8df,n-body-v2,0.796345
n-body-app-7bc9d77c8f-djhrr,n-body-v2,0.86093
n-body-app-7bc9d77c8f-cjtxm,n-body-v2,2.000084
n-body-app-7bc9d77c8f-v27jv,n-body-v2,0.724008
n-body-app-7bc9d77c8f-9pmr7,n-body-v2,0.858176
n-body-app-7bc9d77c8f-s67zz,n-body-v2,0.795714
n-body-app-7bc9d77c8f-p5c85,n-body-v2,0.886024
n-body-app-7bc9d77c8f-jm284,n-body-v2,0.846101
n-body-app-7bc9d77c8f-mrv4l,n-body-v2,0.789676
n-body-app-7bc9d77c8f-w4mdl,n-body-v2,0.746918
n-body-app-7bc9d77c8f-cw9bp,n-body-v2,0.812043
n-body-app-7bc9d77c8f-bszpx,n-body-v2,0.819728
n-body-app-7bc9d77c8f-2f8dc,n-body-v2,1.086195
n-body-app-7bc9d77c8f-znkf4,n-body-v2,0.752386
n-body-app-7bc9d77c8f-q4km8,n-body-v2,0.817501
n-body-app-7bc9d77c8f-gdgb7,n-body-v2,0.833939
n-body-app-7bc9d77c8f-7lqz6,n-body-v2,0.830223
n-body-app-7bc9d77c8f-vc6nh,n-body-v2,0.733312
n-body-app-7bc9d77c8f-77lz6,n-body-v2,0.785665
n-body-app-7bc9d77c8f-95p65,n-body-v2,0.706157
n-body-app-7bc9d77c8f-7hhwc,n-body-v2,0.810199
n-body-app-7bc9d77c8f-rchk5,n-body-v2,0.837438
n-body-app-7bc9d77c8f-n2vm5,n-body-v2,0.847329
n-body-app-7bc9d77c8f-7tp9x,n-body-v2,0.755711
n-body-app-7bc9d77c8f-whlbs,n-body-v2,0.756621
n-body-app-7bc9d77c8f-mvwks,n-body-v2,0.826979
n-body-app-7bc9d77c8f-59wpd,n-body-v2,0.856609
n-body-app-7bc9d77c8f-5kcrq,n-body-v2,0.822852
n-body-app-7bc9d77c8f-w6wwf,n-body-v2,0.745241
n-body-app-7bc9d77c8f-j47tt,n-body-v2,1.119551
n-body-app-7bc9d77c8f-pbz5t,n-body-v2,0.772687
n-body-app-7bc9d77c8f-zbgzc,n-body-v2,0.794031
n-body-app-7bc9d77c8f-bl79j,n-body-v2,0.86167
n-body-app-7bc9d77c8f-x4g9d,n-body-v2,0.767805
n-body-app-7bc9d77c8f-bbgm8,n-body-v2,0.850025
n-body-app-7bc9d77c8f-hlntr,n-body-v2,0.766376
n-body-app-7bc9d77c8f-gsmmx,n-body-v2,0.794175
n-body-app-7bc9d77c8f-4ghg7,n-body-v2,0.835068
n-body-app-7bc9d77c8f-nwhz6,n-body-v2,0.826825
n-body-app-7bc9d77c8f-v5tgh,n-body-v2,0.752846
n-body-app-7bc9d77c8f-kpt7x,n-body-v2,0.763011
n-body-app-7bc9d77c8f-smvlk,n-body-v2,0.80711
n-body-app-7bc9d77c8f-msqls,n-body-v2,0.809461
n-body-app-7bc9d77c8f-xw6pz,n-body-v2,0.734589
n-body-app-7bc9d77c8f-zd2xz,n-body-v2,0.809021
n-body-app-7bc9d77c8f-lhlnq,n-body-v2,0.801249
n-body-app-7bc9d77c8f-v2264,n-body-v2,0.945458
n-body-app-7bc9d77c8f-xcdj6,n-body-v2,0.881476
n-body-app-7bc9d77c8f-w8g4m,n-body-v2,0.859945
n-body-app-7bc9d77c8f-kx2kb,n-body-v2,0.758915
n-body-app-7bc9d77c8f-lzv8t,n-body-v2,1.954669
n-body-app-7bc9d77c8f-d4cfg,n-body-v2,0.864622
n-body-app-7bc9d77c8f-92vfz,n-body-v2,0.749144
n-body-app-7bc9d77c8f-ng9wk,n-body-v2,0.821891
n-body-app-7bc9d77c8f-86g4f,n-body-v2,0.76813
n-body-app-7bc9d77c8f-mjkfs,n-body-v2,0.765295
n-body-app-7bc9d77c8f-zrptg,n-body-v2,0.783486
n-body-app-7bc9d77c8f-jjjw5,n-body-v2,0.762735
n-body-app-7bc9d77c8f-7tlrw,n-body-v2,0.874724
n-body-app-7bc9d77c8f-9w9kw,n-body-v2,0.851729
n-body-app-7bc9d77c8f-q8qm9,n-body-v2,0.811863
n-body-app-7bc9d77c8f-j9znn,n-body-v2,0.793134
n-body-app-7bc9d77c8f-trmsh,n-body-v2,0.827358
n-body-app-7bc9d77c8f-66nb9,n-body-v2,0.653479
n-body-app-7bc9d77c8f-2z5hb,n-body-v2,0.81656
n-body-app-7bc9d77c8f-7zvls,n-body-v2,0.897743
n-body-app-7bc9d77c8f-t5sbx,n-body-v2,0.864426
n-body-app-7bc9d77c8f-vllbt,n-body-v2,0.849626
n-body-app-7bc9d77c8f-n68pc,n-body-v2,0.825308
n-body-app-7bc9d77c8f-hzgw4,n-body-v2,1.036871
n-body-app-7bc9d77c8f-twp4t,n-body-v2,0.761241
n-body-app-7bc9d77c8f-tn4sw,n-body-v2,0.709428
n-body-app-7bc9d77c8f-z7drm,n-body-v2,1.251829
n-body-app-7bc9d77c8f-s5kzh,n-body-v2,0.802729
n-body-app-7bc9d77c8f-r597h,n-body-v2,0.773772
n-body-app-7bc9d77c8f-s9qcw,n-body-v2,0.745227
n-body-app-7bc9d77c8f-nczhh,n-body-v2,0.762528
n-body-app-7bc9d77c8f-g596r,n-body-v2,0.872069
n-body-app-7bc9d77c8f-pfsm4,n-body-v2,0.764747
n-body-app-7bc9d77c8f-scrdj,n-body-v2,0.830199
n-body-app-7bc9d77c8f-4h6kh,n-body-v2,0.771113
n-body-app-7bc9d77c8f-wxb98,n-body-v2,0.83938
n-body-app-7bc9d77c8f-9mglv,n-body-v2,0.752887
n-body-app-7bc9d77c8f-5qlpx,n-body-v2,0.746948
n-body-app-7bc9d77c8f-65f2z,n-body-v2,0.724016
n-body-app-7bc9d77c8f-b4gmx,n-body-v2,0.716471
n-body-app-7bc9d77c8f-cqzr7,n-body-v2,0.730041
prime-numbers-app-56f966ff57-t6vxt,prime-nubmers-v2,0.891606
prime-numbers-app-56f966ff57-g9q79,prime-nubmers-v2,0.873654
prime-numbers-app-56f966ff57-g67p8,prime-nubmers-v2,0.869566
prime-numbers-app-56f966ff57-8jbwv,prime-nubmers-v2,0.880237
prime-numbers-app-56f966ff57-vf2lv,prime-nubmers-v2,0.767719
prime-numbers-app-56f966ff57-sl6bd,prime-nubmers-v2,0.786315
prime-numbers-app-56f966ff57-86n66,prime-nubmers-v2,0.829742
prime-numbers-app-56f966ff57-tw7nn,prime-nubmers-v2,0.783864
prime-numbers-app-56f966ff57-cz4g2,prime-nubmers-v2,0.903026
prime-numbers-app-56f966ff57-lhsst,prime-nubmers-v2,0.877883
prime-numbers-app-56f966ff57-wgr9q,prime-nubmers-v2,0.843372
prime-numbers-app-56f966ff57-45v4t,prime-nubmers-v2,0.852039
prime-numbers-app-56f966ff57-gwptp,prime-nubmers-v2,0.781719
prime-numbers-app-56f966ff57-6b8sw,prime-nubmers-v2,1.278252
prime-numbers-app-56f966ff57-kd4mn,prime-nubmers-v2,0.941325
prime-numbers-app-56f966ff57-tjwb4,prime-nubmers-v2,0.897237
prime-numbers-app-56f966ff57-t8x54,prime-nubmers-v2,0.923251
prime-numbers-app-56f966ff57-n7fpw,prime-nubmers-v2,0.84004
prime-numbers-app-56f966ff57-t8zhz,prime-nubmers-v2,0.793259
prime-numbers-app-56f966ff57-2xptd,prime-nubmers-v2,0.765157
prime-numbers-app-56f966ff57-4qldz,prime-nubmers-v2,0.857871
prime-numbers-app-56f966ff57-8z8jg,prime-nubmers-v2,0.859186
prime-numbers-app-56f966ff57-zqbsh,prime-nubmers-v2,0.804418
prime-numbers-app-56f966ff57-pkwqx,prime-nubmers-v2,0.851745
prime-numbers-app-56f966ff57-xg9hq,prime-nubmers-v2,0.873065
prime-numbers-app-56f966ff57-mzmmc,prime-nubmers-v2,0.775747
prime-numbers-app-56f966ff57-kpj7s,prime-nubmers-v2,0.942837
prime-numbers-app-56f966ff57-kkjh4,prime-nubmers-v2,0.748728
prime-numbers-app-56f966ff57-7t2l2,prime-nubmers-v2,0.776978
prime-numbers-app-56f966ff57-q8svf,prime-nubmers-v2,0.802535
prime-numbers-app-56f966ff57-nmg26,prime-nubmers-v2,0.772085
prime-numbers-app-56f966ff57-2bpt5,prime-nubmers-v2,0.876379
prime-numbers-app-56f966ff57-wqq7k,prime-nubmers-v2,0.839394
prime-numbers-app-56f966ff57-hdh2h,prime-nubmers-v2,0.837884
prime-numbers-app-56f966ff57-bxfjq,prime-nubmers-v2,0.883218
prime-numbers-app-56f966ff57-52qdp,prime-nubmers-v2,0.883859
prime-numbers-app-56f966ff57-dqzmg,prime-nubmers-v2,0.865886
prime-numbers-app-56f966ff57-4kpqh,prime-nubmers-v2,0.855019
prime-numbers-app-56f966ff57-k598p,prime-nubmers-v2,0.873722
prime-numbers-app-56f966ff57-2fpft,prime-nubmers-v2,0.805073
prime-numbers-app-56f966ff57-pgxvm,prime-nubmers-v2,0.88107
prime-numbers-app-56f966ff57-rfc98,prime-nubmers-v2,0.871694
prime-numbers-app-56f966ff57-pg9t7,prime-nubmers-v2,0.916253
prime-numbers-app-56f966ff57-b7qjq,prime-nubmers-v2,0.841173
prime-numbers-app-56f966ff57-vs2mc,prime-nubmers-v2,0.79859
prime-numbers-app-56f966ff57-fh9tl,prime-nubmers-v2,0.772344
prime-numbers-app-56f966ff57-rp8cb,prime-nubmers-v2,0.776784
prime-numbers-app-56f966ff57-bkqcj,prime-nubmers-v2,0.803554
prime-numbers-app-56f966ff57-8q6st,prime-nubmers-v2,1.373707
prime-numbers-app-56f966ff57-4dl7r,prime-nubmers-v2,0.90717
prime-numbers-app-56f966ff57-dn9rf,prime-nubmers-v2,0.883045
prime-numbers-app-56f966ff57-k2wdv,prime-nubmers-v2,0.812248
prime-numbers-app-56f966ff57-hzmq9,prime-nubmers-v2,0.831949
prime-numbers-app-56f966ff57-m46nk,prime-nubmers-v2,0.770349
prime-numbers-app-56f966ff57-mph7m,prime-nubmers-v2,0.79464
prime-numbers-app-56f966ff57-lgh4m,prime-nubmers-v2,0.749636
prime-numbers-app-56f966ff57-9f7w6,prime-nubmers-v2,0.836259
prime-numbers-app-56f966ff57-rjl9d,prime-nubmers-v2,0.808442
prime-numbers-app-56f966ff57-qs662,prime-nubmers-v2,0.805014
prime-numbers-app-56f966ff57-jvrrz,prime-nubmers-v2,0.856908
prime-numbers-app-56f966ff57-zzchq,prime-nubmers-v2,0.865824
prime-numbers-app-56f966ff57-h47g5,prime-nubmers-v2,0.795552
prime-numbers-app-56f966ff57-99qfb,prime-nubmers-v2,0.863925
prime-numbers-app-56f966ff57-csvdq,prime-nubmers-v2,0.813931
prime-numbers-app-56f966ff57-2qgxv,prime-nubmers-v2,0.770942
prime-numbers-app-56f966ff57-9m78w,prime-nubmers-v2,0.758353
prime-numbers-app-56f966ff57-gfksj,prime-nubmers-v2,0.867647
prime-numbers-app-56f966ff57-25zr2,prime-nubmers-v2,0.841585
prime-numbers-app-56f966ff57-5slzv,prime-nubmers-v2,0.896835
prime-numbers-app-56f966ff57-hks4n,prime-nubmers-v2,0.849151
prime-numbers-app-56f966ff57-6m744,prime-nubmers-v2,0.814425
prime-numbers-app-56f966ff57-wqmh8,prime-nubmers-v2,0.830481
prime-numbers-app-56f966ff57-fhr94,prime-nubmers-v2,0.836008
prime-numbers-app-56f966ff57-glv4v,prime-nubmers-v2,0.80257
prime-numbers-app-56f966ff57-7744g,prime-nubmers-v2,0.778317
prime-numbers-app-56f966ff57-m2wqr,prime-nubmers-v2,0.889159
prime-numbers-app-56f966ff57-25wz5,prime-nubmers-v2,0.918256
prime-numbers-app-56f966ff57-lc4gk,prime-nubmers-v2,0.89835
prime-numbers-app-56f966ff57-k9d7l,prime-nubmers-v2,0.765937
prime-numbers-app-56f966ff57-9vq98,prime-nubmers-v2,0.826726
prime-numbers-app-56f966ff57-kpl9r,prime-nubmers-v2,0.735728
prime-numbers-app-56f966ff57-6shwc,prime-nubmers-v2,0.748812
prime-numbers-app-56f966ff57-pq8hj,prime-nubmers-v2,0.888497
prime-numbers-app-56f966ff57-phr4m,prime-nubmers-v2,0.842781
prime-numbers-app-56f966ff57-4t26j,prime-nubmers-v2,0.826175
prime-numbers-app-56f966ff57-nwj4g,prime-nubmers-v2,0.839489
prime-numbers-app-56f966ff57-wlvn9,prime-nubmers-v2,0.869754
prime-numbers-app-56f966ff57-fn9tg,prime-nubmers-v2,0.889316
prime-numbers-app-56f966ff57-vjf8b,prime-nubmers-v2,0.801544
prime-numbers-app-56f966ff57-8p7vx,prime-nubmers-v2,0.718838
prime-numbers-app-56f966ff57-qmfx5,prime-nubmers-v2,0.803869
prime-numbers-app-56f966ff57-qxw7t,prime-nubmers-v2,0.808855
prime-numbers-app-56f966ff57-zqj7s,prime-nubmers-v2,0.870669
prime-numbers-app-56f966ff57-q5pwv,prime-nubmers-v2,0.898248
prime-numbers-app-56f966ff57-vk97n,prime-nubmers-v2,0.875053
prime-numbers-app-56f966ff57-dp9mt,prime-nubmers-v2,0.71013
prime-numbers-app-56f966ff57-f5cnt,prime-nubmers-v2,0.874523
prime-numbers-app-56f966ff57-sq65b,prime-nubmers-v2,0.860691
prime-numbers-app-56f966ff57-c5v6z,prime-nubmers-v2,0.837091
prime-numbers-app-56f966ff57-xqh4r,prime-nubmers-v2,0.795072
user-manager-app-7794f9dd6f-2s4cm,user-manager-v2,0.729989
user-manager-app-7794f9dd6f-qc4m9,user-manager-v2,0.736141
user-manager-app-7794f9dd6f-wgnst,user-manager-v2,0.75103
user-manager-app-7794f9dd6f-hzwxk,user-manager-v2,0.758498
user-manager-app-7794f9dd6f-t78kq,user-manager-v2,0.796428
user-manager-app-7794f9dd6f-hx2vs,user-manager-v2,0.819907
user-manager-app-7794f9dd6f-mhgmm,user-manager-v2,0.863143
user-manager-app-7794f9dd6f-zrj4j,user-manager-v2,0.930422
user-manager-app-7794f9dd6f-6jkkr,user-manager-v2,0.761859
user-manager-app-7794f9dd6f-nlmfj,user-manager-v2,0.782103
user-manager-app-7794f9dd6f-4xwnw,user-manager-v2,0.803314
user-manager-app-7794f9dd6f-956gs,user-manager-v2,0.828537
user-manager-app-7794f9dd6f-jjfgz,user-manager-v2,0.775035
user-manager-app-7794f9dd6f-72nlw,user-manager-v2,0.851915
user-manager-app-7794f9dd6f-c8476,user-manager-v2,0.773242
user-manager-app-7794f9dd6f-znrck,user-manager-v2,0.864391
user-manager-app-7794f9dd6f-qnx5c,user-manager-v2,0.92967
user-manager-app-7794f9dd6f-sldms,user-manager-v2,0.681686
user-manager-app-7794f9dd6f-5qnl9,user-manager-v2,0.737514
user-manager-app-7794f9dd6f-kphwm,user-manager-v2,0.764317
user-manager-app-7794f9dd6f-vt8zs,user-manager-v2,0.74296
user-manager-app-7794f9dd6f-kv2dz,user-manager-v2,0.806047
user-manager-app-7794f9dd6f-s77xd,user-manager-v2,0.781904
user-manager-app-7794f9dd6f-krkgj,user-manager-v2,0.862981
user-manager-app-7794f9dd6f-wxttp,user-manager-v2,0.820376
user-manager-app-7794f9dd6f-jbml2,user-manager-v2,0.785953
user-manager-app-7794f9dd6f-n48ns,user-manager-v2,0.729227
user-manager-app-7794f9dd6f-7vlln,user-manager-v2,0.775664
user-manager-app-7794f9dd6f-c9nwd,user-manager-v2,0.769861
user-manager-app-7794f9dd6f-w7ptz,user-manager-v2,0.809188
user-manager-app-7794f9dd6f-cctgd,user-manager-v2,0.760412
user-manager-app-7794f9dd6f-qvj4d,user-manager-v2,0.764925
user-manager-app-7794f9dd6f-zpklr,user-manager-v2,0.843498
user-manager-app-7794f9dd6f-jkmhc,user-manager-v2,0.793316
user-manager-app-7794f9dd6f-gkdpp,user-manager-v2,0.883663
user-manager-app-7794f9dd6f-d5v5x,user-manager-v2,1.138323
user-manager-app-7794f9dd6f-s5p92,user-manager-v2,0.82116
user-manager-app-7794f9dd6f-fktdd,user-manager-v2,0.737708
user-manager-app-7794f9dd6f-sc7qz,user-manager-v2,0.82892
user-manager-app-7794f9dd6f-gfskz,user-manager-v2,0.851428
user-manager-app-7794f9dd6f-xhmd6,user-manager-v2,0.864551
user-manager-app-7794f9dd6f-ldg6m,user-manager-v2,0.769604
user-manager-app-7794f9dd6f-p22gv,user-manager-v2,0.863666
user-manager-app-7794f9dd6f-ffspt,user-manager-v2,0.84927
user-manager-app-7794f9dd6f-qslxq,user-manager-v2,0.783849
user-manager-app-7794f9dd6f-7sxkd,user-manager-v2,0.838731
user-manager-app-7794f9dd6f-rzmnm,user-manager-v2,0.82043
user-manager-app-7794f9dd6f-rc8sg,user-manager-v2,0.868128
user-manager-app-7794f9dd6f-f4gsd,user-manager-v2,0.763128
user-manager-app-7794f9dd6f-wqvhw,user-manager-v2,0.776435
user-manager-app-7794f9dd6f-xq89v,user-manager-v2,0.854643
user-manager-app-7794f9dd6f-5tbmf,user-manager-v2,0.787083
user-manager-app-7794f9dd6f-l9tx8,user-manager-v2,0.76124
user-manager-app-7794f9dd6f-tmlwd,user-manager-v2,0.828144
user-manager-app-7794f9dd6f-6mvzr,user-manager-v2,0.851919
user-manager-app-7794f9dd6f-5d8vd,user-manager-v2,0.853876
user-manager-app-7794f9dd6f-2s6sm,user-manager-v2,0.77185
user-manager-app-7794f9dd6f-sss2z,user-manager-v2,0.767736
user-manager-app-7794f9dd6f-vdhs8,user-manager-v2,0.77908
user-manager-app-7794f9dd6f-7jd62,user-manager-v2,0.767134
user-manager-app-7794f9dd6f-m865x,user-manager-v2,0.775923
user-manager-app-7794f9dd6f-fwn2d,user-manager-v2,0.74546
user-manager-app-7794f9dd6f-nmngm,user-manager-v2,0.789774
user-manager-app-7794f9dd6f-xkdvf,user-manager-v2,0.764525
user-manager-app-7794f9dd6f-spzw9,user-manager-v2,0.842951
user-manager-app-7794f9dd6f-4hdpj,user-manager-v2,0.823172
user-manager-app-7794f9dd6f-sc5k2,user-manager-v2,0.847135
user-manager-app-7794f9dd6f-lf82z,user-manager-v2,0.954975
user-manager-app-7794f9dd6f-b7ztx,user-manager-v2,0.789215
user-manager-app-7794f9dd6f-t5lkm,user-manager-v2,0.7458
user-manager-app-7794f9dd6f-xxt8b,user-manager-v2,0.765875
user-manager-app-7794f9dd6f-vnxcc,user-manager-v2,0.820869
user-manager-app-7794f9dd6f-28q2g,user-manager-v2,0.747958
user-manager-app-7794f9dd6f-sbs26,user-manager-v2,0.880487
user-manager-app-7794f9dd6f-5cp6c,user-manager-v2,0.797639
user-manager-app-7794f9dd6f-swxdx,user-manager-v2,0.770803
user-manager-app-7794f9dd6f-svxfd,user-manager-v2,0.87734
user-manager-app-7794f9dd6f-558lx,user-manager-v2,0.823468
user-manager-app-7794f9dd6f-6xtvl,user-manager-v2,0.824515
user-manager-app-7794f9dd6f-9pjfr,user-manager-v2,0.781173
user-manager-app-7794f9dd6f-9v2df,user-manager-v2,0.78307
user-manager-app-7794f9dd6f-j7qm5,user-manager-v2,0.803976
user-manager-app-7794f9dd6f-cr4n8,user-manager-v2,0.842474
user-manager-app-7794f9dd6f-v75fp,user-manager-v2,0.843076
user-manager-app-7794f9dd6f-dn2fc,user-manager-v2,0.808853
user-manager-app-7794f9dd6f-ws8wf,user-manager-v2,0.875111
user-manager-app-7794f9dd6f-mkmkv,user-manager-v2,0.753956
user-manager-app-7794f9dd6f-jc2j2,user-manager-v2,0.857626
user-manager-app-7794f9dd6f-gk8zk,user-manager-v2,0.801511
user-manager-app-7794f9dd6f-nhzq4,user-manager-v2,0.789161
user-manager-app-7794f9dd6f-jtcfp,user-manager-v2,0.767331
user-manager-app-7794f9dd6f-6vbpc,user-manager-v2,0.730046
user-manager-app-7794f9dd6f-5l5nd,user-manager-v2,0.723874
user-manager-app-7794f9dd6f-xc28h,user-manager-v2,0.737743
user-manager-app-7794f9dd6f-bkk6x,user-manager-v2,0.751818
user-manager-app-7794f9dd6f-plt2k,user-manager-v2,0.815668
user-manager-app-7794f9dd6f-9sr7g,user-manager-v2,0.733312
user-manager-app-7794f9dd6f-gvsxd,user-manager-v2,0.80419
user-manager-app-7794f9dd6f-xgxks,user-manager-v2,0.815314
user-manager-app-7794f9dd6f-dhx4q,user-manager-v2,0.827495
whatlang-app-6df6f56b67-92ktc,whatlang-v2,0.73451
whatlang-app-6df6f56b67-24ntn,whatlang-v2,0.782483
whatlang-app-6df6f56b67-5vgdk,whatlang-v2,0.765155
whatlang-app-6df6f56b67-pvz9k,whatlang-v2,0.793966
whatlang-app-6df6f56b67-q47pp,whatlang-v2,0.77403
whatlang-app-6df6f56b67-m4zxl,whatlang-v2,0.795205
whatlang-app-6df6f56b67-pc2jp,whatlang-v2,0.886564
whatlang-app-6df6f56b67-xjwq6,whatlang-v2,0.804342
whatlang-app-6df6f56b67-d4bmt,whatlang-v2,0.752849
whatlang-app-6df6f56b67-8lbwc,whatlang-v2,0.730115
whatlang-app-6df6f56b67-4mjkx,whatlang-v2,0.74276
whatlang-app-6df6f56b67-xjqkf,whatlang-v2,0.771535
whatlang-app-6df6f56b67-s9q42,whatlang-v2,0.838575
whatlang-app-6df6f56b67-fhnhj,whatlang-v2,0.853909
whatlang-app-6df6f56b67-2zf7n,whatlang-v2,0.756694
whatlang-app-6df6f56b67-4zf78,whatlang-v2,0.72911
whatlang-app-6df6f56b67-pcvhz,whatlang-v2,0.83213
whatlang-app-6df6f56b67-cfs4b,whatlang-v2,0.744137
whatlang-app-6df6f56b67-d8hft,whatlang-v2,0.767183
whatlang-app-6df6f56b67-d6drf,whatlang-v2,0.820693
whatlang-app-6df6f56b67-dqw7m,whatlang-v2,0.842054
whatlang-app-6df6f56b67-dmfq4,whatlang-v2,0.870673
whatlang-app-6df6f56b67-6m4rc,whatlang-v2,0.80581
whatlang-app-6df6f56b67-qxk4w,whatlang-v2,0.818223
whatlang-app-6df6f56b67-2dpsb,whatlang-v2,0.737707
whatlang-app-6df6f56b67-jdjgr,whatlang-v2,0.783729
whatlang-app-6df6f56b67-qv8bw,whatlang-v2,0.737059
whatlang-app-6df6f56b67-pk7d5,whatlang-v2,0.793928
whatlang-app-6df6f56b67-wjs6q,whatlang-v2,0.831802
whatlang-app-6df6f56b67-vg4l4,whatlang-v2,0.829617
whatlang-app-6df6f56b67-76f68,whatlang-v2,0.857974
whatlang-app-6df6f56b67-8fvt6,whatlang-v2,0.91005
whatlang-app-6df6f56b67-xxf8p,whatlang-v2,0.81139
whatlang-app-6df6f56b67-8pgcs,whatlang-v2,0.756712
whatlang-app-6df6f56b67-bm9t4,whatlang-v2,0.716109
whatlang-app-6df6f56b67-7m8dp,whatlang-v2,0.725265
whatlang-app-6df6f56b67-f7h4b,whatlang-v2,0.844058
whatlang-app-6df6f56b67-t72cq,whatlang-v2,0.795677
whatlang-app-6df6f56b67-m7v84,whatlang-v2,0.868645
whatlang-app-6df6f56b67-59jpb,whatlang-v2,0.829338
whatlang-app-6df6f56b67-4w7wd,whatlang-v2,0.820673
whatlang-app-6df6f56b67-g6ndz,whatlang-v2,0.740552
whatlang-app-6df6f56b67-56kww,whatlang-v2,1.063288
whatlang-app-6df6f56b67-x5mxd,whatlang-v2,0.796407
whatlang-app-6df6f56b67-82m76,whatlang-v2,0.741756
whatlang-app-6df6f56b67-vb559,whatlang-v2,0.884248
whatlang-app-6df6f56b67-cpjgz,whatlang-v2,0.810153
whatlang-app-6df6f56b67-7n6pj,whatlang-v2,0.812402
whatlang-app-6df6f56b67-d7drx,whatlang-v2,0.830447
whatlang-app-6df6f56b67-g2h6t,whatlang-v2,0.839461
whatlang-app-6df6f56b67-mbds2,whatlang-v2,0.865973
whatlang-app-6df6f56b67-r7kfw,whatlang-v2,0.919581
whatlang-app-6df6f56b67-cqm7w,whatlang-v2,0.769086
whatlang-app-6df6f56b67-rwk62,whatlang-v2,0.742572
whatlang-app-6df6f56b67-hx4fl,whatlang-v2,0.758677
whatlang-app-6df6f56b67-4dx5h,whatlang-v2,0.810509
whatlang-app-6df6f56b67-fpwt2,whatlang-v2,0.777188
whatlang-app-6df6f56b67-7zpc9,whatlang-v2,0.764397
whatlang-app-6df6f56b67-7s4g7,whatlang-v2,0.87579
whatlang-app-6df6f56b67-8hhh4,whatlang-v2,0.763431
whatlang-app-6df6f56b67-zlk24,whatlang-v2,0.792398
whatlang-app-6df6f56b67-z9fsc,whatlang-v2,0.74485
whatlang-app-6df6f56b67-fvnxq,whatlang-v2,0.660313
whatlang-app-6df6f56b67-9jch2,whatlang-v2,0.793533
whatlang-app-6df6f56b67-x9w7l,whatlang-v2,0.872989
whatlang-app-6df6f56b67-p9dpm,whatlang-v2,0.775952
whatlang-app-6df6f56b67-rxzmn,whatlang-v2,0.866546
whatlang-app-6df6f56b67-kpdl5,whatlang-v2,0.846503
whatlang-app-6df6f56b67-nkrmk,whatlang-v2,0.878278
whatlang-app-6df6f56b67-qs4k6,whatlang-v2,0.711257
whatlang-app-6df6f56b67-m7fkn,whatlang-v2,0.766496
whatlang-app-6df6f56b67-ll6wd,whatlang-v2,0.749834
whatlang-app-6df6f56b67-qmw59,whatlang-v2,0.776003
whatlang-app-6df6f56b67-qdbxn,whatlang-v2,0.75457
whatlang-app-6df6f56b67-ctzhd,whatlang-v2,0.81983
whatlang-app-6df6f56b67-q8fcq,whatlang-v2,1.304809
whatlang-app-6df6f56b67-5c6vs,whatlang-v2,0.838079
whatlang-app-6df6f56b67-t75sl,whatlang-v2,0.807626
whatlang-app-6df6f56b67-spmhj,whatlang-v2,0.757542
whatlang-app-6df6f56b67-wdkxb,whatlang-v2,0.870151
whatlang-app-6df6f56b67-9zb9p,whatlang-v2,0.741692
whatlang-app-6df6f56b67-cp9mb,whatlang-v2,0.806992
whatlang-app-6df6f56b67-dc2bx,whatlang-v2,0.846116
whatlang-app-6df6f56b67-vmnc4,whatlang-v2,0.837822
whatlang-app-6df6f56b67-kn87p,whatlang-v2,0.802164
whatlang-app-6df6f56b67-v4lmn,whatlang-v2,0.829766
whatlang-app-6df6f56b67-78w79,whatlang-v2,0.71848
whatlang-app-6df6f56b67-tm667,whatlang-v2,0.83494
whatlang-app-6df6f56b67-4snn6,whatlang-v2,0.757798
whatlang-app-6df6f56b67-p9pzk,whatlang-v2,0.766905
whatlang-app-6df6f56b67-jh8tz,whatlang-v2,0.839699
whatlang-app-6df6f56b67-cxpt4,whatlang-v2,0.783148
whatlang-app-6df6f56b67-7vgxd,whatlang-v2,0.893223
whatlang-app-6df6f56b67-xnz7x,whatlang-v2,0.800757
whatlang-app-6df6f56b67-7tsdp,whatlang-v2,0.786771
whatlang-app-6df6f56b67-fflbn,whatlang-v2,0.87267
whatlang-app-6df6f56b67-z4797,whatlang-v2,0.844916
whatlang-app-6df6f56b67-hlmnf,whatlang-v2,0.788368
whatlang-app-6df6f56b67-6xxvm,whatlang-v2,0.850842
whatlang-app-6df6f56b67-br4v2,whatlang-v2,0.740877
