response-time,status-code,test_name,batch
0.0454,200,n-body,wasm
0.0448,200,n-body,wasm
0.0453,200,n-body,wasm
0.0448,200,n-body,wasm
0.0449,200,n-body,wasm
0.0444,200,n-body,wasm
0.0453,200,n-body,wasm
0.0448,200,n-body,wasm
0.0454,200,n-body,wasm
0.0444,200,n-body,wasm
0.0447,200,n-body,wasm
0.0454,200,n-body,wasm
0.0454,200,n-body,wasm
0.0462,200,n-body,wasm
0.0451,200,n-body,wasm
0.0453,200,n-body,wasm
0.045,200,n-body,wasm
0.0452,200,n-body,wasm
0.0458,200,n-body,wasm
0.0454,200,n-body,wasm
0.045,200,n-body,wasm
0.045,200,n-body,wasm
0.0449,200,n-body,wasm
0.0453,200,n-body,wasm
0.0453,200,n-body,wasm
0.0454,200,n-body,wasm
0.0458,200,n-body,wasm
0.045,200,n-body,wasm
0.0267,200,n-body,wasm
0.0542,200,n-body,wasm
0.0451,200,n-body,wasm
0.0459,200,n-body,wasm
0.0404,200,n-body,wasm
0.0454,200,n-body,wasm
0.0457,200,n-body,wasm
0.0453,200,n-body,wasm
0.0453,200,n-body,wasm
0.046,200,n-body,wasm
0.0456,200,n-body,wasm
0.0448,200,n-body,wasm
0.0456,200,n-body,wasm
0.0452,200,n-body,wasm
0.0428,200,n-body,wasm
0.0456,200,n-body,wasm
0.0448,200,n-body,wasm
0.0453,200,n-body,wasm
0.0455,200,n-body,wasm
0.0457,200,n-body,wasm
0.0448,200,n-body,wasm
0.0456,200,n-body,wasm
0.0425,200,n-body,wasm
0.0449,200,n-body,wasm
0.0443,200,n-body,wasm
0.0452,200,n-body,wasm
0.0452,200,n-body,wasm
0.0456,200,n-body,wasm
0.0455,200,n-body,wasm
0.0455,200,n-body,wasm
0.0451,200,n-body,wasm
0.0456,200,n-body,wasm
0.0453,200,n-body,wasm
0.0457,200,n-body,wasm
0.0453,200,n-body,wasm
0.0453,200,n-body,wasm
0.05,200,n-body,wasm
0.0384,200,n-body,wasm
0.0451,200,n-body,wasm
0.0451,200,n-body,wasm
0.0454,200,n-body,wasm
0.045,200,n-body,wasm
0.0456,200,n-body,wasm
0.0449,200,n-body,wasm
0.0455,200,n-body,wasm
0.0454,200,n-body,wasm
0.0456,200,n-body,wasm
0.0259,200,n-body,wasm
0.0454,200,n-body,wasm
0.0451,200,n-body,wasm
0.0458,200,n-body,wasm
0.0452,200,n-body,wasm
0.0456,200,n-body,wasm
0.0452,200,n-body,wasm
0.0449,200,n-body,wasm
0.0454,200,n-body,wasm
0.0454,200,n-body,wasm
0.046,200,n-body,wasm
0.0457,200,n-body,wasm
0.0455,200,n-body,wasm
0.0453,200,n-body,wasm
0.041,200,n-body,wasm
0.0454,200,n-body,wasm
0.0456,200,n-body,wasm
0.0457,200,n-body,wasm
0.0456,200,n-body,wasm
0.0454,200,n-body,wasm
0.0461,200,n-body,wasm
0.0455,200,n-body,wasm
0.0448,200,n-body,wasm
0.0449,200,n-body,wasm
0.0456,200,n-body,wasm
